version	db	hostname	isolation_level
8.0.46	stcloud	dd39e994c2df	REPEATABLE-READ
version_tag	iteration_name	applied_sql_files
20260811.1	基线版本（历史全量迁移）	02_create_tables.sql,04_rbac_tables.sql,05_rate_limit_tables.sql,06_sync_tables.sql,07_cloud_capacity.sql,08_chunk_original_size.sql,09_jwt_secret.sql,09_remove_two_factor.sql,10_drop_is_admin.sql,11_role_data_scope.sql,12_add_permissions.sql,13_remove_ratelimit_orphan.sql,14_add_preview_permission.sql,15_add_file_favorite.sql,16_add_file_hidden.sql,17_team_invite.sql,18_team_activity.sql,19_notification.sql,20_team_comment.sql,21_team_folder_permission.sql,22_team_member_pinned.sql,23_file_lock.sql,24_team_role.sql,25_team_external.sql
20260812.1	审查遗留建议跟进 + Schema 一致性修复	26_sync_change_log.sql,27_sync_exclusion_conflict.sql,28_file_object.sql,29_event_log.sql,30_sync_change_log_event_log_id.sql,31_schema_version.sql
20260815.1	MySQL 重建：修复 init 脚本中文双重编码	02~36 全部 init 脚本（首行统一加 SET NAMES utf8mb4），docker_mysql_data 数据卷重建
20260815.2	新增 edit 编辑文档权限点（全云盘统一）	37_add_edit_permission.sql（新增），34_team_folder_permission_permissions.sql,35_file_share_permissions.sql（edit 映射更新）
20260912.1	上传安全一致性与老环境迁移	38_share_security_config.sql,39_reset_editing_permission.sql,40_upload_session.sql,41_file_node_version_uniqueness.sql
TABLE_NAME	COLUMN_NAME	COLUMN_TYPE
audit_log	id	bigint
audit_log	tenant_id	bigint
audit_log	user_id	bigint
audit_log	username	varchar(100)
audit_log	action	varchar(50)
audit_log	target_type	varchar(30)
audit_log	target_id	bigint
audit_log	target_name	varchar(255)
audit_log	detail	text
audit_log	ip_address	varchar(50)
audit_log	user_agent	varchar(500)
audit_log	status	tinyint
audit_log	created_at	datetime
event_log	id	bigint
event_log	tenant_id	bigint
event_log	event_type	varchar(32)
event_log	payload	text
event_log	status	tinyint
event_log	retry_count	int
event_log	created_at	datetime
event_log	processed_at	datetime
event_log	updated_at	datetime
event_log	deleted	tinyint
file_block	id	bigint
file_block	tenant_id	bigint
file_block	file_node_id	bigint
file_block	version	int
file_block	block_index	int
file_block	block_md5	varchar(64)
file_block	block_size	bigint
file_block	storage_path	varchar(512)
file_block	created_at	datetime
file_chunk	id	bigint
file_chunk	tenant_id	bigint
file_chunk	upload_id	varchar(200)
file_chunk	file_node_id	bigint
file_chunk	chunk_index	int
file_chunk	chunk_size	bigint
file_chunk	chunk_md5	varchar(64)
file_chunk	storage_path	varchar(500)
file_chunk	original_size	bigint
file_chunk	status	tinyint
file_chunk	created_at	datetime
file_chunk	updated_at	datetime
file_favorite	id	bigint
file_favorite	tenant_id	bigint
file_favorite	user_id	bigint
file_favorite	file_node_id	bigint
file_favorite	created_at	datetime
file_favorite	updated_at	datetime
file_favorite	deleted	tinyint
file_node	id	bigint
file_node	tenant_id	bigint
file_node	parent_id	bigint
file_node	node_type	tinyint
file_node	name	varchar(255)
file_node	path	varchar(1000)
file_node	file_size	bigint
file_node	file_md5	varchar(64)
file_node	content_type	varchar(100)
file_node	suffix	varchar(20)
file_node	storage_path	varchar(500)
file_node	object_id	bigint
file_node	status	tinyint
file_node	upload_status	tinyint
file_node	uploader_id	bigint
file_node	owner_id	bigint
file_node	space_id	bigint
file_node	ref_count	int
file_node	version	int
file_node	thumbnail_path	varchar(500)
file_node	created_at	datetime
file_node	updated_at	datetime
file_node	deleted	tinyint
file_node	hidden	tinyint
file_node	locked_by	bigint
file_node	locked_at	datetime
file_node	lock_expire_at	datetime
file_node	active_scope_key	varchar(80)
file_node	active_name	varchar(300)
file_object	id	bigint
file_object	tenant_id	bigint
file_object	md5	varchar(64)
file_object	size	bigint
file_object	storage_path	varchar(500)
file_object	ref_count	int
file_object	status	tinyint
file_object	created_at	datetime
file_object	updated_at	datetime
file_object	deleted	tinyint
file_share	id	bigint
file_share	tenant_id	bigint
file_share	share_code	varchar(32)
file_share	file_node_id	bigint
file_share	creator_id	bigint
file_share	share_type	tinyint
file_share	password	varchar(255)
file_share	expire_at	datetime
file_share	permission	tinyint
file_share	permissions	varchar(500)
file_share	allow_download	tinyint
file_share	download_limit	int
file_share	download_count	int
file_share	view_count	int
file_share	status	tinyint
file_share	created_at	datetime
file_share	updated_at	datetime
file_share	deleted	tinyint
file_version	id	bigint
file_version	tenant_id	bigint
file_version	file_node_id	bigint
file_version	version_num	int
file_version	file_size	bigint
file_version	file_md5	varchar(64)
file_version	storage_path	varchar(500)
file_version	modifier_id	bigint
file_version	modifier_name	varchar(100)
file_version	source	tinyint
file_version	created_at	datetime
notification	id	bigint
notification	tenant_id	bigint
notification	user_id	bigint
notification	type	varchar(20)
notification	title	varchar(200)
notification	content	varchar(500)
notification	ref_type	varchar(20)
notification	ref_id	bigint
notification	read	tinyint
notification	created_at	datetime
schema_version	id	bigint
schema_version	version_tag	varchar(32)
schema_version	iteration_name	varchar(255)
schema_version	applied_sql_files	text
schema_version	applied_at	datetime
schema_version	applied_by	varchar(64)
schema_version	notes	text
sync_change_log	id	bigint
sync_change_log	tenant_id	bigint
sync_change_log	user_id	bigint
sync_change_log	file_node_id	bigint
sync_change_log	change_type	varchar(16)
sync_change_log	path	varchar(1024)
sync_change_log	old_path	varchar(1024)
sync_change_log	name	varchar(255)
sync_change_log	node_type	tinyint
sync_change_log	file_md5	varchar(64)
sync_change_log	file_size	bigint
sync_change_log	event_log_id	bigint
sync_change_log	created_at	datetime
sync_conflict	id	bigint
sync_conflict	tenant_id	bigint
sync_conflict	sync_root_id	bigint
sync_conflict	user_id	bigint
sync_conflict	relative_path	varchar(1024)
sync_conflict	local_md5	varchar(64)
sync_conflict	cloud_md5	varchar(64)
sync_conflict	status	varchar(16)
sync_conflict	resolution	varchar(32)
sync_conflict	created_at	datetime
sync_conflict	updated_at	datetime
sync_conflict	deleted	tinyint
sync_device	id	bigint
sync_device	tenant_id	bigint
sync_device	user_id	bigint
sync_device	device_name	varchar(100)
sync_device	device_type	varchar(20)
sync_device	device_id	varchar(100)
sync_device	sync_path	varchar(500)
sync_device	last_sync_at	datetime
sync_device	status	tinyint
sync_device	created_at	datetime
sync_device	updated_at	datetime
sync_exclusion	id	bigint
sync_exclusion	tenant_id	bigint
sync_exclusion	sync_root_id	bigint
sync_exclusion	user_id	bigint
sync_exclusion	relative_path	varchar(1024)
sync_exclusion	created_at	datetime
sync_exclusion	updated_at	datetime
sync_exclusion	deleted	tinyint
sync_root	id	bigint
sync_root	tenant_id	bigint
sync_root	user_id	bigint
sync_root	cloud_folder_node_id	bigint
sync_root	local_path_hint	varchar(500)
sync_root	status	tinyint
sync_root	conflict_strategy	varchar(16)
sync_root	last_sync_at	datetime
sync_root	sync_cursor	bigint
sync_root	created_at	datetime
sync_root	updated_at	datetime
sync_root	deleted	tinyint
sys_config	id	bigint
sys_config	tenant_id	bigint
sys_config	config_key	varchar(128)
sys_config	config_value	varchar(512)
sys_config	config_group	varchar(64)
sys_config	remark	varchar(256)
sys_config	enabled	tinyint
sys_config	created_at	datetime
sys_config	updated_at	datetime
sys_config	deleted	tinyint
sys_jwt_secret	id	bigint
sys_jwt_secret	config_key	varchar(64)
sys_jwt_secret	secret_ciphertext	varchar(512)
sys_jwt_secret	secret_iv	varchar(64)
sys_jwt_secret	tenant_id	bigint
sys_jwt_secret	created_at	datetime
sys_jwt_secret	updated_at	datetime
sys_jwt_secret	deleted	tinyint
sys_permission	id	bigint
sys_permission	permission_code	varchar(128)
sys_permission	permission_name	varchar(128)
sys_permission	module	varchar(64)
sys_permission	description	varchar(256)
sys_permission	created_at	datetime
sys_permission	updated_at	datetime
sys_rate_limit	id	bigint
sys_rate_limit	tenant_id	bigint
sys_rate_limit	rule_name	varchar(128)
sys_rate_limit	scope	tinyint
sys_rate_limit	target_id	bigint
sys_rate_limit	target_code	varchar(64)
sys_rate_limit	target_name	varchar(128)
sys_rate_limit	upload_speed_limit	int
sys_rate_limit	download_speed_limit	int
sys_rate_limit	enabled	tinyint
sys_rate_limit	description	varchar(256)
sys_rate_limit	created_at	datetime
sys_rate_limit	updated_at	datetime
sys_rate_limit	deleted	tinyint
sys_role	id	bigint
sys_role	tenant_id	bigint
sys_role	role_code	varchar(64)
sys_role	role_name	varchar(128)
sys_role	description	varchar(256)
sys_role	status	tinyint
sys_role	built_in	tinyint
sys_role	data_scope	tinyint
sys_role	data	json
sys_role	created_at	datetime
sys_role	updated_at	datetime
sys_role	deleted	tinyint
sys_role_permission	id	bigint
sys_role_permission	tenant_id	bigint
sys_role_permission	role_id	bigint
sys_role_permission	permission_id	bigint
sys_role_permission	created_at	datetime
sys_role_permission	updated_at	datetime
sys_role_permission	deleted	tinyint
sys_tenant	id	bigint
sys_tenant	tenant_name	varchar(100)
sys_tenant	tenant_code	varchar(50)
sys_tenant	domain	varchar(255)
sys_tenant	status	tinyint
sys_tenant	default_quota	bigint
sys_tenant	cloud_total_capacity	bigint
sys_tenant	expire_at	datetime
sys_tenant	tenant_id	bigint
sys_tenant	created_at	datetime
sys_tenant	updated_at	datetime
sys_tenant	deleted	tinyint
sys_user	id	bigint
sys_user	tenant_id	bigint
sys_user	username	varchar(50)
sys_user	password	varchar(255)
sys_user	nickname	varchar(100)
sys_user	email	varchar(100)
sys_user	phone	varchar(20)
sys_user	avatar	varchar(500)
sys_user	status	tinyint
sys_user	storage_used	bigint
sys_user	storage_quota	bigint
sys_user	last_login_at	datetime
sys_user	last_login_ip	varchar(50)
sys_user	created_at	datetime
sys_user	updated_at	datetime
sys_user	deleted	tinyint
sys_user_role	id	bigint
sys_user_role	tenant_id	bigint
sys_user_role	user_id	bigint
sys_user_role	role_id	bigint
sys_user_role	created_at	datetime
sys_user_role	updated_at	datetime
sys_user_role	deleted	tinyint
team_activity	id	bigint
team_activity	tenant_id	bigint
team_activity	space_id	bigint
team_activity	user_id	bigint
team_activity	username	varchar(100)
team_activity	nickname	varchar(100)
team_activity	action	varchar(50)
team_activity	target_type	varchar(30)
team_activity	target_id	bigint
team_activity	target_name	varchar(255)
team_activity	detail	text
team_activity	created_at	datetime
team_comment	id	bigint
team_comment	tenant_id	bigint
team_comment	space_id	bigint
team_comment	node_id	bigint
team_comment	user_id	bigint
team_comment	content	text
team_comment	parent_id	bigint
team_comment	mentions	varchar(500)
team_comment	created_at	datetime
team_comment	updated_at	datetime
team_comment	deleted	tinyint
team_external_config	id	bigint
team_external_config	tenant_id	bigint
team_external_config	space_id	bigint
team_external_config	allow_external	tinyint
team_external_config	created_at	datetime
team_external_config	updated_at	datetime
team_folder_permission	id	bigint
team_folder_permission	tenant_id	bigint
team_folder_permission	space_id	bigint
team_folder_permission	folder_node_id	bigint
team_folder_permission	subject_type	varchar(10)
team_folder_permission	subject_id	bigint
team_folder_permission	permission	tinyint
team_folder_permission	permissions	varchar(500)
team_folder_permission	created_at	datetime
team_folder_permission	updated_at	datetime
team_folder_permission	deleted	tinyint
team_invite	id	bigint
team_invite	tenant_id	bigint
team_invite	space_id	bigint
team_invite	invite_code	varchar(32)
team_invite	role	tinyint
team_invite	created_by	bigint
team_invite	expire_at	datetime
team_invite	status	tinyint
team_invite	created_at	datetime
team_invite	updated_at	datetime
team_invite	deleted	tinyint
team_member	id	bigint
team_member	tenant_id	bigint
team_member	space_id	bigint
team_member	user_id	bigint
team_member	role	tinyint
team_member	joined_at	datetime
team_member	last_active_at	datetime
team_member	created_at	datetime
team_member	updated_at	datetime
team_member	deleted	tinyint
team_member	is_pinned	tinyint
team_member	member_type	tinyint
team_member	expire_at	datetime
team_role	id	bigint
team_role	tenant_id	bigint
team_role	space_id	bigint
team_role	name	varchar(50)
team_role	permissions	varchar(500)
team_role	status	tinyint
team_role	created_at	datetime
team_role	updated_at	datetime
team_role	deleted	tinyint
team_space	id	bigint
team_space	tenant_id	bigint
team_space	space_name	varchar(100)
team_space	description	varchar(500)
team_space	icon	varchar(500)
team_space	owner_id	bigint
team_space	storage_used	bigint
team_space	storage_quota	bigint
team_space	status	tinyint
team_space	created_at	datetime
team_space	updated_at	datetime
team_space	deleted	tinyint
upload_session	id	bigint
upload_session	tenant_id	bigint
upload_session	upload_id	varchar(200)
upload_session	user_id	bigint
upload_session	file_node_id	bigint
upload_session	space_id	bigint
upload_session	storage_path	varchar(500)
upload_session	s3_upload_id	varchar(500)
upload_session	file_size	bigint
upload_session	file_md5	varchar(64)
upload_session	total_chunks	int
upload_session	chunk_size	bigint
upload_session	client_limit	int
upload_session	status	tinyint
upload_session	expires_at	datetime
upload_session	created_at	datetime
upload_session	updated_at	datetime
