id	username	status	tenant_id	security_version
2105297388782690305	env_live_muo6dq7r	1	1	0
id	owner_id	parent_id	status	path	file_md5	object_id
2105298513682440193	2105297388782690305	0	0	/env-sync-muo6jh5i	NULL	NULL
2105298513967652866	2105297388782690305	2105298513682440193	0	/env-sync-muo6jh5i/destination	NULL	NULL
2105298514835873794	2105297388782690305	2105298513682440193	0	/env-sync-muo6jh5i/note.txt	57e7520b6def7209cc6ebce67d0ec2ff	46
id	storage_path	status	ref_count
46	1/2105297388782690305/57e7520b6def7209cc6ebce67d0ec2ff_1790777255073	0	1
journal_id	change_type	file_node_id	path	old_path	event_log_id	outbox_status	retry_count
309	CREATE	2105298513967652866	/env-sync-muo6jh5i/destination	NULL	2105298513997012993	1	0
310	CREATE	2105298513682440193	/env-sync-muo6jh5i	NULL	2105298513745354754	1	0
311	CREATE	2105298514835873794	/env-sync-muo6jh5i/note.txt	NULL	2105298516190633986	1	0
312	DELETE	2105298514835873794	/env-sync-muo6jh5i/note.txt	NULL	2105300318290124802	1	0
313	CREATE	2105298514835873794	/env-sync-muo6jh5i/note.txt	NULL	2105300320857038849	1	0
317	DELETE	2105298514835873794	/env-sync-muo6jh5i/note.txt	NULL	2105480332075794433	1	0
318	CREATE	2105298514835873794	/env-sync-muo6jh5i/note.txt	NULL	2105480334747566082	1	0
319	RENAME	2105298514835873794	/env-sync-muo6jh5i/renamed.txt	/env-sync-muo6jh5i/note.txt	2105480338119786497	1	0
320	MOVE	2105298514835873794	/env-sync-muo6jh5i/destination/renamed.txt	/env-sync-muo6jh5i/renamed.txt	2105480338379833346	1	0
321	UPDATE	2105298514835873794	/env-sync-muo6jh5i/destination/renamed.txt	NULL	2105480339474546690	1	0
322	UPDATE	2105298514835873794	/env-sync-muo6jh5i/destination/renamed.txt	NULL	2105480361041657857	1	0
323	UPDATE	2105298514835873794	/env-sync-muo6jh5i/destination/renamed.txt	NULL	2105480718429913089	1	0
324	UPDATE	2105298514835873794	/env-sync-muo6jh5i/destination/renamed.txt	NULL	2105480979697303554	1	0
325	RENAME	2105298514835873794	/env-sync-muo6jh5i/destination/note.txt	/env-sync-muo6jh5i/destination/renamed.txt	2105481170311643138	1	0
326	MOVE	2105298514835873794	/env-sync-muo6jh5i/note.txt	/env-sync-muo6jh5i/destination/note.txt	2105481170483609601	1	0
327	UPDATE	2105298514835873794	/env-sync-muo6jh5i/note.txt	NULL	2105481170655576066	1	0
328	DELETE	2105298514835873794	/env-sync-muo6jh5i/note.txt	NULL	2105481175617437697	1	0
329	CREATE	2105298514835873794	/env-sync-muo6jh5i/note.txt	NULL	2105481178175963138	1	0
file_node_id	preserved_version_count
2105298514835873794	4
